group,read_day,horizon_hours,per_timestamp_error_minutes,nominal_risk_rows,guaranteed_recorded_onsets,possible_recorded_or_early_ended_onsets,lower,upper,ambiguous_ordering_rows,read_date_boundary_ambiguous
all,8,1,0,27,0,1,0.0,0.037037037037037035,0,0
all,8,1,5,27,0,1,0.0,0.037037037037037035,0,1
all,8,1,30,27,0,4,0.0,0.14814814814814814,0,13
all,8,1,120,27,0,18,0.0,0.6666666666666666,0,27
all,8,6,0,27,0,18,0.0,0.6666666666666666,0,0
all,8,6,5,27,0,18,0.0,0.6666666666666666,0,1
all,8,6,30,27,0,18,0.0,0.6666666666666666,0,13
all,8,6,120,27,0,20,0.0,0.7407407407407407,0,27
all,8,24,0,27,6,25,0.2222222222222222,0.9259259259259259,0,0
all,8,24,5,27,6,25,0.2222222222222222,0.9259259259259259,0,1
all,8,24,30,27,6,26,0.2222222222222222,0.9629629629629629,0,13
all,8,24,120,27,6,27,0.2222222222222222,1.0,0,27
all,9,1,0,486,31,40,0.06378600823045268,0.0823045267489712,0,0
all,9,1,5,486,20,44,0.0411522633744856,0.09053497942386832,5,5
all,9,1,30,486,0,72,0.0,0.14814814814814814,31,18
all,9,1,120,486,0,148,0.0,0.3045267489711934,63,56
all,9,6,0,486,74,154,0.1522633744855967,0.3168724279835391,0,0
all,9,6,5,486,69,156,0.1419753086419753,0.32098765432098764,5,5
all,9,6,30,486,43,169,0.08847736625514403,0.3477366255144033,31,18
all,9,6,120,486,0,223,0.0,0.4588477366255144,63,56
all,9,24,0,486,102,315,0.20987654320987653,0.6481481481481481,0,0
all,9,24,5,486,97,315,0.19958847736625515,0.6481481481481481,5,5
all,9,24,30,486,71,317,0.14609053497942387,0.6522633744855967,31,18
all,9,24,120,486,38,329,0.07818930041152264,0.676954732510288,63,56
all,10,1,0,146,2,9,0.0136986301369863,0.06164383561643835,0,0
all,10,1,5,146,2,9,0.0136986301369863,0.06164383561643835,0,3
all,10,1,30,146,0,12,0.0,0.0821917808219178,2,28
all,10,1,120,146,0,31,0.0,0.21232876712328766,3,74
all,10,6,0,146,5,36,0.03424657534246575,0.2465753424657534,0,0
all,10,6,5,146,5,36,0.03424657534246575,0.2465753424657534,0,3
all,10,6,30,146,2,38,0.0136986301369863,0.2602739726027397,2,28
all,10,6,120,146,0,54,0.0,0.3698630136986301,3,74
all,10,24,0,146,39,94,0.2671232876712329,0.6438356164383562,0,0
all,10,24,5,146,39,94,0.2671232876712329,0.6438356164383562,0,3
all,10,24,30,146,35,97,0.23972602739726026,0.6643835616438356,2,28
all,10,24,120,146,25,114,0.17123287671232876,0.7808219178082192,3,74
all,11,1,0,517,132,151,0.2553191489361702,0.29206963249516443,0,0
all,11,1,5,517,91,171,0.1760154738878143,0.3307543520309478,30,6
all,11,1,30,517,0,243,0.0,0.4700193423597679,132,23
all,11,1,120,517,0,375,0.0,0.7253384912959381,247,93
all,11,6,0,517,294,410,0.5686653771760155,0.793036750483559,0,0
all,11,6,5,517,259,415,0.5009671179883946,0.8027079303675049,30,6
all,11,6,30,517,137,437,0.26499032882011603,0.8452611218568665,132,23
all,11,6,120,517,0,479,0.0,0.9264990328820116,247,93
all,11,24,0,517,356,509,0.688588007736944,0.9845261121856866,0,0
all,11,24,5,517,326,509,0.6305609284332688,0.9845261121856866,30,6
all,11,24,30,517,224,510,0.4332688588007737,0.9864603481624759,132,23
all,11,24,120,517,109,512,0.21083172147001933,0.9903288201160542,247,93
all,12,1,0,13,10,12,0.7692307692307693,0.9230769230769231,0,0
all,12,1,5,13,5,12,0.38461538461538464,0.9230769230769231,5,0
all,12,1,30,13,0,12,0.0,0.9230769230769231,10,3
all,12,1,120,13,0,12,0.0,0.9230769230769231,10,5
all,12,6,0,13,10,12,0.7692307692307693,0.9230769230769231,0,0
all,12,6,5,13,5,12,0.38461538461538464,0.9230769230769231,5,0
all,12,6,30,13,0,12,0.0,0.9230769230769231,10,3
all,12,6,120,13,0,12,0.0,0.9230769230769231,10,5
all,12,24,0,13,10,13,0.7692307692307693,1.0,0,0
all,12,24,5,13,5,13,0.38461538461538464,1.0,5,0
all,12,24,30,13,0,13,0.0,1.0,10,3
all,12,24,120,13,0,13,0.0,1.0,10,5
all,13,1,0,2,0,0,0.0,0.0,0,0
all,13,1,5,2,0,0,0.0,0.0,0,0
all,13,1,30,2,0,0,0.0,0.0,0,0
all,13,1,120,2,0,0,0.0,0.0,0,0
all,13,6,0,2,0,1,0.0,0.5,0,0
all,13,6,5,2,0,1,0.0,0.5,0,0
all,13,6,30,2,0,1,0.0,0.5,0,0
all,13,6,120,2,0,1,0.0,0.5,0,0
all,13,24,0,2,0,2,0.0,1.0,0,0
all,13,24,5,2,0,2,0.0,1.0,0,0
all,13,24,30,2,0,2,0.0,1.0,0,0
all,13,24,120,2,0,2,0.0,1.0,0,0
without_featured,8,1,0,25,0,1,0.0,0.04,0,0
without_featured,8,1,5,25,0,1,0.0,0.04,0,1
without_featured,8,1,30,25,0,4,0.0,0.16,0,13
without_featured,8,1,120,25,0,17,0.0,0.68,0,25
without_featured,8,6,0,25,0,17,0.0,0.68,0,0
without_featured,8,6,5,25,0,17,0.0,0.68,0,1
without_featured,8,6,30,25,0,17,0.0,0.68,0,13
without_featured,8,6,120,25,0,18,0.0,0.72,0,25
without_featured,8,24,0,25,5,23,0.2,0.92,0,0
without_featured,8,24,5,25,5,23,0.2,0.92,0,1
without_featured,8,24,30,25,5,24,0.2,0.96,0,13
without_featured,8,24,120,25,5,25,0.2,1.0,0,25
without_featured,9,1,0,478,31,40,0.06485355648535565,0.08368200836820083,0,0
without_featured,9,1,5,478,20,44,0.04184100418410042,0.09205020920502092,5,5
without_featured,9,1,30,478,0,72,0.0,0.1506276150627615,31,18
without_featured,9,1,120,478,0,148,0.0,0.30962343096234307,63,54
without_featured,9,6,0,478,74,154,0.15481171548117154,0.32217573221757323,0,0
without_featured,9,6,5,478,69,156,0.14435146443514643,0.3263598326359833,5,5
without_featured,9,6,30,478,43,168,0.0899581589958159,0.3514644351464435,31,18
without_featured,9,6,120,478,0,222,0.0,0.46443514644351463,63,54
without_featured,9,24,0,478,99,312,0.20711297071129708,0.6527196652719666,0,0
without_featured,9,24,5,478,94,312,0.19665271966527198,0.6527196652719666,5,5
without_featured,9,24,30,478,68,314,0.14225941422594143,0.6569037656903766,31,18
without_featured,9,24,120,478,35,326,0.07322175732217573,0.6820083682008368,63,54
without_featured,10,1,0,143,2,9,0.013986013986013986,0.06293706293706294,0,0
without_featured,10,1,5,143,2,9,0.013986013986013986,0.06293706293706294,0,3
without_featured,10,1,30,143,0,12,0.0,0.08391608391608392,2,28
without_featured,10,1,120,143,0,31,0.0,0.21678321678321677,3,73
without_featured,10,6,0,143,5,36,0.03496503496503497,0.2517482517482518,0,0
without_featured,10,6,5,143,5,36,0.03496503496503497,0.2517482517482518,0,3
without_featured,10,6,30,143,2,38,0.013986013986013986,0.26573426573426573,2,28
without_featured,10,6,120,143,0,53,0.0,0.3706293706293706,3,73
without_featured,10,24,0,143,37,92,0.25874125874125875,0.6433566433566433,0,0
without_featured,10,24,5,143,37,92,0.25874125874125875,0.6433566433566433,0,3
without_featured,10,24,30,143,33,95,0.23076923076923078,0.6643356643356644,2,28
without_featured,10,24,120,143,24,112,0.16783216783216784,0.7832167832167832,3,73
without_featured,11,1,0,512,131,150,0.255859375,0.29296875,0,0
without_featured,11,1,5,512,90,170,0.17578125,0.33203125,30,6
without_featured,11,1,30,512,0,242,0.0,0.47265625,131,22
without_featured,11,1,120,512,0,371,0.0,0.724609375,243,92
without_featured,11,6,0,512,290,406,0.56640625,0.79296875,0,0
without_featured,11,6,5,512,255,411,0.498046875,0.802734375,30,6
without_featured,11,6,30,512,134,433,0.26171875,0.845703125,131,22
without_featured,11,6,120,512,0,475,0.0,0.927734375,243,92
without_featured,11,24,0,512,351,504,0.685546875,0.984375,0,0
without_featured,11,24,5,512,321,504,0.626953125,0.984375,30,6
without_featured,11,24,30,512,220,505,0.4296875,0.986328125,131,22
without_featured,11,24,120,512,108,507,0.2109375,0.990234375,243,92
without_featured,12,1,0,13,10,12,0.7692307692307693,0.9230769230769231,0,0
without_featured,12,1,5,13,5,12,0.38461538461538464,0.9230769230769231,5,0
without_featured,12,1,30,13,0,12,0.0,0.9230769230769231,10,3
without_featured,12,1,120,13,0,12,0.0,0.9230769230769231,10,5
without_featured,12,6,0,13,10,12,0.7692307692307693,0.9230769230769231,0,0
without_featured,12,6,5,13,5,12,0.38461538461538464,0.9230769230769231,5,0
without_featured,12,6,30,13,0,12,0.0,0.9230769230769231,10,3
without_featured,12,6,120,13,0,12,0.0,0.9230769230769231,10,5
without_featured,12,24,0,13,10,13,0.7692307692307693,1.0,0,0
without_featured,12,24,5,13,5,13,0.38461538461538464,1.0,5,0
without_featured,12,24,30,13,0,13,0.0,1.0,10,3
without_featured,12,24,120,13,0,13,0.0,1.0,10,5
without_featured,13,1,0,2,0,0,0.0,0.0,0,0
without_featured,13,1,5,2,0,0,0.0,0.0,0,0
without_featured,13,1,30,2,0,0,0.0,0.0,0,0
without_featured,13,1,120,2,0,0,0.0,0.0,0,0
without_featured,13,6,0,2,0,1,0.0,0.5,0,0
without_featured,13,6,5,2,0,1,0.0,0.5,0,0
without_featured,13,6,30,2,0,1,0.0,0.5,0,0
without_featured,13,6,120,2,0,1,0.0,0.5,0,0
without_featured,13,24,0,2,0,2,0.0,1.0,0,0
without_featured,13,24,5,2,0,2,0.0,1.0,0,0
without_featured,13,24,30,2,0,2,0.0,1.0,0,0
without_featured,13,24,120,2,0,2,0.0,1.0,0,0
HPIM,8,1,0,27,0,1,0.0,0.037037037037037035,0,0
HPIM,8,1,5,27,0,1,0.0,0.037037037037037035,0,1
HPIM,8,1,30,27,0,4,0.0,0.14814814814814814,0,13
HPIM,8,1,120,27,0,18,0.0,0.6666666666666666,0,27
HPIM,8,6,0,27,0,18,0.0,0.6666666666666666,0,0
HPIM,8,6,5,27,0,18,0.0,0.6666666666666666,0,1
HPIM,8,6,30,27,0,18,0.0,0.6666666666666666,0,13
HPIM,8,6,120,27,0,20,0.0,0.7407407407407407,0,27
HPIM,8,24,0,27,6,25,0.2222222222222222,0.9259259259259259,0,0
HPIM,8,24,5,27,6,25,0.2222222222222222,0.9259259259259259,0,1
HPIM,8,24,30,27,6,26,0.2222222222222222,0.9629629629629629,0,13
HPIM,8,24,120,27,6,27,0.2222222222222222,1.0,0,27
HPIM,9,1,0,486,31,40,0.06378600823045268,0.0823045267489712,0,0
HPIM,9,1,5,486,20,44,0.0411522633744856,0.09053497942386832,5,5
HPIM,9,1,30,486,0,72,0.0,0.14814814814814814,31,18
HPIM,9,1,120,486,0,148,0.0,0.3045267489711934,63,56
HPIM,9,6,0,486,74,154,0.1522633744855967,0.3168724279835391,0,0
HPIM,9,6,5,486,69,156,0.1419753086419753,0.32098765432098764,5,5
HPIM,9,6,30,486,43,169,0.08847736625514403,0.3477366255144033,31,18
HPIM,9,6,120,486,0,223,0.0,0.4588477366255144,63,56
HPIM,9,24,0,486,102,315,0.20987654320987653,0.6481481481481481,0,0
HPIM,9,24,5,486,97,315,0.19958847736625515,0.6481481481481481,5,5
HPIM,9,24,30,486,71,317,0.14609053497942387,0.6522633744855967,31,18
HPIM,9,24,120,486,38,329,0.07818930041152264,0.676954732510288,63,56
HPIM,10,1,0,132,2,7,0.015151515151515152,0.05303030303030303,0,0
HPIM,10,1,5,132,2,7,0.015151515151515152,0.05303030303030303,0,3
HPIM,10,1,30,132,0,9,0.0,0.06818181818181818,2,25
HPIM,10,1,120,132,0,20,0.0,0.15151515151515152,3,61
HPIM,10,6,0,132,4,25,0.030303030303030304,0.1893939393939394,0,0
HPIM,10,6,5,132,4,25,0.030303030303030304,0.1893939393939394,0,3
HPIM,10,6,30,132,1,27,0.007575757575757576,0.20454545454545456,2,25
HPIM,10,6,120,132,0,41,0.0,0.3106060606060606,3,61
HPIM,10,24,0,132,38,80,0.2878787878787879,0.6060606060606061,0,0
HPIM,10,24,5,132,38,80,0.2878787878787879,0.6060606060606061,0,3
HPIM,10,24,30,132,34,83,0.25757575757575757,0.6287878787878788,2,25
HPIM,10,24,120,132,24,100,0.18181818181818182,0.7575757575757576,3,61
HPIM,11,1,0,393,117,129,0.29770992366412213,0.3282442748091603,0,0
HPIM,11,1,5,393,82,140,0.20865139949109415,0.356234096692112,25,5
HPIM,11,1,30,393,0,176,0.0,0.44783715012722647,117,19
HPIM,11,1,120,393,0,263,0.0,0.6692111959287532,215,79
HPIM,11,6,0,393,259,294,0.6590330788804071,0.7480916030534351,0,0
HPIM,11,6,5,393,229,299,0.5826972010178118,0.7608142493638677,25,5
HPIM,11,6,30,393,118,320,0.30025445292620867,0.8142493638676844,117,19
HPIM,11,6,120,393,0,358,0.0,0.910941475826972,215,79
HPIM,11,24,0,393,319,385,0.811704834605598,0.9796437659033079,0,0
HPIM,11,24,5,393,294,385,0.7480916030534351,0.9796437659033079,25,5
HPIM,11,24,30,393,202,386,0.5139949109414759,0.9821882951653944,117,19
HPIM,11,24,120,393,104,388,0.26463104325699743,0.9872773536895675,215,79
HPIM,12,1,0,13,10,12,0.7692307692307693,0.9230769230769231,0,0
HPIM,12,1,5,13,5,12,0.38461538461538464,0.9230769230769231,5,0
HPIM,12,1,30,13,0,12,0.0,0.9230769230769231,10,3
HPIM,12,1,120,13,0,12,0.0,0.9230769230769231,10,5
HPIM,12,6,0,13,10,12,0.7692307692307693,0.9230769230769231,0,0
HPIM,12,6,5,13,5,12,0.38461538461538464,0.9230769230769231,5,0
HPIM,12,6,30,13,0,12,0.0,0.9230769230769231,10,3
HPIM,12,6,120,13,0,12,0.0,0.9230769230769231,10,5
HPIM,12,24,0,13,10,13,0.7692307692307693,1.0,0,0
HPIM,12,24,5,13,5,13,0.38461538461538464,1.0,5,0
HPIM,12,24,30,13,0,13,0.0,1.0,10,3
HPIM,12,24,120,13,0,13,0.0,1.0,10,5
HPIM,13,1,0,2,0,0,0.0,0.0,0,0
HPIM,13,1,5,2,0,0,0.0,0.0,0,0
HPIM,13,1,30,2,0,0,0.0,0.0,0,0
HPIM,13,1,120,2,0,0,0.0,0.0,0,0
HPIM,13,6,0,2,0,1,0.0,0.5,0,0
HPIM,13,6,5,2,0,1,0.0,0.5,0,0
HPIM,13,6,30,2,0,1,0.0,0.5,0,0
HPIM,13,6,120,2,0,1,0.0,0.5,0,0
HPIM,13,24,0,2,0,2,0.0,1.0,0,0
HPIM,13,24,5,2,0,2,0.0,1.0,0,0
HPIM,13,24,30,2,0,2,0.0,1.0,0,0
HPIM,13,24,120,2,0,2,0.0,1.0,0,0
Sol,10,1,0,14,0,2,0.0,0.14285714285714285,0,0
Sol,10,1,5,14,0,2,0.0,0.14285714285714285,0,0
Sol,10,1,30,14,0,3,0.0,0.21428571428571427,0,3
Sol,10,1,120,14,0,11,0.0,0.7857142857142857,0,13
Sol,10,6,0,14,1,11,0.07142857142857142,0.7857142857142857,0,0
Sol,10,6,5,14,1,11,0.07142857142857142,0.7857142857142857,0,0
Sol,10,6,30,14,1,11,0.07142857142857142,0.7857142857142857,0,3
Sol,10,6,120,14,0,13,0.0,0.9285714285714286,0,13
Sol,10,24,0,14,1,14,0.07142857142857142,1.0,0,0
Sol,10,24,5,14,1,14,0.07142857142857142,1.0,0,0
Sol,10,24,30,14,1,14,0.07142857142857142,1.0,0,3
Sol,10,24,120,14,1,14,0.07142857142857142,1.0,0,13
Sol,11,1,0,124,15,22,0.12096774193548387,0.1774193548387097,0,0
Sol,11,1,5,124,9,31,0.07258064516129033,0.25,5,1
Sol,11,1,30,124,0,67,0.0,0.5403225806451613,15,4
Sol,11,1,120,124,0,112,0.0,0.9032258064516129,32,14
Sol,11,6,0,124,35,116,0.28225806451612906,0.9354838709677419,0,0
Sol,11,6,5,124,30,116,0.24193548387096775,0.9354838709677419,5,1
Sol,11,6,30,124,19,117,0.1532258064516129,0.9435483870967742,15,4
Sol,11,6,120,124,0,121,0.0,0.9758064516129032,32,14
Sol,11,24,0,124,37,124,0.29838709677419356,1.0,0,0
Sol,11,24,5,124,32,124,0.25806451612903225,1.0,5,1
Sol,11,24,30,124,22,124,0.1774193548387097,1.0,15,4
Sol,11,24,120,124,5,124,0.04032258064516129,1.0,32,14
