setting,model,cutoff,converged,iterations,max_abs_coefficient
1h_exclude0_shift-2,volume_baseline,48,True,22,1.2297360112435047
1h_exclude0_shift-2,plus_composition,48,True,32,1.310898902562765
1h_exclude0_shift-2,volume_baseline,60,True,19,1.706599922847678
1h_exclude0_shift-2,plus_composition,60,True,24,1.4920426882548605
1h_exclude0_shift-2,volume_baseline,72,True,18,1.2489710821273514
1h_exclude0_shift-2,plus_composition,72,True,26,1.035987084158331
1h_exclude0_shift-2,volume_baseline,84,True,19,0.9528200614264861
1h_exclude0_shift-2,plus_composition,84,True,30,0.9527798610438561
1h_exclude0_shift-2,volume_baseline,96,True,21,0.9485915448829535
1h_exclude0_shift-2,plus_composition,96,True,30,0.8944750619625024
1h_exclude0_shift-2,volume_baseline,108,True,20,1.0617110369518676
1h_exclude0_shift-2,plus_composition,108,True,24,1.1235055387472546
1h_exclude0_shift-2,volume_baseline,120,True,19,1.0526653422193883
1h_exclude0_shift-2,plus_composition,120,True,28,1.1476850624900672
1h_exclude0_shift-2,volume_baseline,132,True,18,1.1283622803531976
1h_exclude0_shift-2,plus_composition,132,True,32,1.2238636692211318
1h_exclude0_shift-1,volume_baseline,48,True,23,1.834832050054561
1h_exclude0_shift-1,plus_composition,48,True,43,2.0134402286214113
1h_exclude0_shift-1,volume_baseline,60,True,19,1.5774493356037231
1h_exclude0_shift-1,plus_composition,60,True,30,1.7421069012917991
1h_exclude0_shift-1,volume_baseline,72,True,18,1.4239768294938895
1h_exclude0_shift-1,plus_composition,72,True,23,1.4765049371101007
1h_exclude0_shift-1,volume_baseline,84,True,21,1.630401357931546
1h_exclude0_shift-1,plus_composition,84,True,31,1.1150427986558276
1h_exclude0_shift-1,volume_baseline,96,True,19,1.3087729836005124
1h_exclude0_shift-1,plus_composition,96,True,33,1.3520704137981618
1h_exclude0_shift-1,volume_baseline,108,True,19,1.5647590984745656
1h_exclude0_shift-1,plus_composition,108,True,24,1.9988321479972837
1h_exclude0_shift-1,volume_baseline,120,True,17,1.632730267166444
1h_exclude0_shift-1,plus_composition,120,True,26,1.9933295989027302
1h_exclude0_shift-1,volume_baseline,132,True,17,1.6867739087633074
1h_exclude0_shift-1,plus_composition,132,True,26,1.9596263586831832
1h_exclude0_shift0,volume_baseline,48,True,25,1.652595718468295
1h_exclude0_shift0,plus_composition,48,True,34,1.879096549051735
1h_exclude0_shift0,volume_baseline,60,True,19,1.7314362202533031
1h_exclude0_shift0,plus_composition,60,True,27,2.1649539125421553
1h_exclude0_shift0,volume_baseline,72,True,16,1.8034654017038187
1h_exclude0_shift0,plus_composition,72,True,25,2.3226545282821736
1h_exclude0_shift0,volume_baseline,84,True,21,2.4099719315772403
1h_exclude0_shift0,plus_composition,84,True,30,1.5248415402029494
1h_exclude0_shift0,volume_baseline,96,True,21,1.9371824970447769
1h_exclude0_shift0,plus_composition,96,True,30,2.0994113450465117
1h_exclude0_shift0,volume_baseline,108,True,20,2.339350749357892
1h_exclude0_shift0,plus_composition,108,True,22,2.41458111284553
1h_exclude0_shift0,volume_baseline,120,True,19,2.369257200432203
1h_exclude0_shift0,plus_composition,120,True,26,2.400650759884936
1h_exclude0_shift0,volume_baseline,132,True,20,2.397981108676407
1h_exclude0_shift0,plus_composition,132,True,26,2.3923123528255954
1h_exclude0_shift1,volume_baseline,48,True,28,2.0612514202545693
1h_exclude0_shift1,plus_composition,48,True,35,1.993656926647935
1h_exclude0_shift1,volume_baseline,60,True,19,1.8668205124640374
1h_exclude0_shift1,plus_composition,60,True,25,2.133592317555207
1h_exclude0_shift1,volume_baseline,72,True,19,2.0098270522582435
1h_exclude0_shift1,plus_composition,72,True,30,2.1137527026814205
1h_exclude0_shift1,volume_baseline,84,True,19,2.5028598305438376
1h_exclude0_shift1,plus_composition,84,True,35,1.6108755163950184
1h_exclude0_shift1,volume_baseline,96,True,21,2.2050077334956213
1h_exclude0_shift1,plus_composition,96,True,29,1.9349218184459054
1h_exclude0_shift1,volume_baseline,108,True,19,2.5847683865505395
1h_exclude0_shift1,plus_composition,108,True,25,2.9504935255044664
1h_exclude0_shift1,volume_baseline,120,True,21,2.623576628435512
1h_exclude0_shift1,plus_composition,120,True,26,3.0298921278104913
1h_exclude0_shift1,volume_baseline,132,True,20,2.6538559923892255
1h_exclude0_shift1,plus_composition,132,True,26,3.04103852560343
1h_exclude0_shift2,volume_baseline,48,True,22,2.2892918879404642
1h_exclude0_shift2,plus_composition,48,True,40,2.4470031243305876
1h_exclude0_shift2,volume_baseline,60,True,20,2.017112185197178
1h_exclude0_shift2,plus_composition,60,True,26,1.6671041062685814
1h_exclude0_shift2,volume_baseline,72,True,20,1.8396212294212209
1h_exclude0_shift2,plus_composition,72,True,25,1.592258671121485
1h_exclude0_shift2,volume_baseline,84,True,21,2.438089531472791
1h_exclude0_shift2,plus_composition,84,True,29,2.1047617831564236
1h_exclude0_shift2,volume_baseline,96,True,20,2.3446211807562807
1h_exclude0_shift2,plus_composition,96,True,39,1.8270127209100293
1h_exclude0_shift2,volume_baseline,108,True,19,2.6631357504663606
1h_exclude0_shift2,plus_composition,108,True,32,3.257465582663135
1h_exclude0_shift2,volume_baseline,120,True,20,2.738817118484302
1h_exclude0_shift2,plus_composition,120,True,33,3.3157015447929825
1h_exclude0_shift2,volume_baseline,132,True,20,2.797501477126914
1h_exclude0_shift2,plus_composition,132,True,30,3.317171730277253
1h_exclude1_shift-2,volume_baseline,48,True,22,1.2364204641177998
1h_exclude1_shift-2,plus_composition,48,True,30,1.3249813661326506
1h_exclude1_shift-2,volume_baseline,60,True,19,1.6864703849685017
1h_exclude1_shift-2,plus_composition,60,True,26,1.4826152660495457
1h_exclude1_shift-2,volume_baseline,72,True,17,1.2334378133226973
1h_exclude1_shift-2,plus_composition,72,True,20,1.031433120036117
1h_exclude1_shift-2,volume_baseline,84,True,19,0.9135785164054557
1h_exclude1_shift-2,plus_composition,84,True,30,0.955333426381462
1h_exclude1_shift-2,volume_baseline,96,True,21,0.9455161702916401
1h_exclude1_shift-2,plus_composition,96,True,27,0.890691296595381
1h_exclude1_shift-2,volume_baseline,108,True,20,1.0672836275288045
1h_exclude1_shift-2,plus_composition,108,True,23,1.099660752445779
1h_exclude1_shift-2,volume_baseline,120,True,19,1.0417799592334909
1h_exclude1_shift-2,plus_composition,120,True,21,1.0717617808869755
1h_exclude1_shift-2,volume_baseline,132,True,18,1.0842026336269934
1h_exclude1_shift-2,plus_composition,132,True,26,1.1131270325404723
1h_exclude1_shift-1,volume_baseline,48,True,23,1.8201255555589293
1h_exclude1_shift-1,plus_composition,48,True,37,2.011960679748217
1h_exclude1_shift-1,volume_baseline,60,True,19,1.5757256080633524
1h_exclude1_shift-1,plus_composition,60,True,25,1.7597027242477208
1h_exclude1_shift-1,volume_baseline,72,True,18,1.420156937973448
1h_exclude1_shift-1,plus_composition,72,True,23,1.5041032525797962
1h_exclude1_shift-1,volume_baseline,84,True,19,1.661607229318618
1h_exclude1_shift-1,plus_composition,84,True,32,1.1615484081670093
1h_exclude1_shift-1,volume_baseline,96,True,19,1.3480875245955892
1h_exclude1_shift-1,plus_composition,96,True,29,1.3759498832558863
1h_exclude1_shift-1,volume_baseline,108,True,19,1.5853227316312744
1h_exclude1_shift-1,plus_composition,108,True,29,1.9801977751430357
1h_exclude1_shift-1,volume_baseline,120,True,17,1.6555981445734
1h_exclude1_shift-1,plus_composition,120,True,29,1.97971064645016
1h_exclude1_shift-1,volume_baseline,132,True,18,1.708831467283299
1h_exclude1_shift-1,plus_composition,132,True,24,1.949977810224339
1h_exclude1_shift0,volume_baseline,48,True,23,1.6679240397851613
1h_exclude1_shift0,plus_composition,48,True,35,1.8816468274670526
1h_exclude1_shift0,volume_baseline,60,True,18,1.7041625057323035
1h_exclude1_shift0,plus_composition,60,True,33,2.1406855109118434
1h_exclude1_shift0,volume_baseline,72,True,19,1.7699392711924147
1h_exclude1_shift0,plus_composition,72,True,25,2.3089394129203367
1h_exclude1_shift0,volume_baseline,84,True,22,2.5258316493310002
1h_exclude1_shift0,plus_composition,84,True,34,1.5686641356112616
1h_exclude1_shift0,volume_baseline,96,True,21,2.0478378917352433
1h_exclude1_shift0,plus_composition,96,True,30,2.232116310628295
1h_exclude1_shift0,volume_baseline,108,True,20,2.4335081967881895
1h_exclude1_shift0,plus_composition,108,True,26,2.5000162203412613
1h_exclude1_shift0,volume_baseline,120,True,19,2.457699688428903
1h_exclude1_shift0,plus_composition,120,True,27,2.4774508180686747
1h_exclude1_shift0,volume_baseline,132,True,20,2.482114839499926
1h_exclude1_shift0,plus_composition,132,True,24,2.4719068168556557
1h_exclude1_shift1,volume_baseline,48,True,29,2.0430408403557174
1h_exclude1_shift1,plus_composition,48,True,34,1.9835522760952655
1h_exclude1_shift1,volume_baseline,60,True,20,1.8317938889092102
1h_exclude1_shift1,plus_composition,60,True,26,2.092993915169921
1h_exclude1_shift1,volume_baseline,72,True,20,1.9776487031399412
1h_exclude1_shift1,plus_composition,72,True,22,2.0793784786091662
1h_exclude1_shift1,volume_baseline,84,True,21,2.5488994443298223
1h_exclude1_shift1,plus_composition,84,True,31,1.6507863749140397
1h_exclude1_shift1,volume_baseline,96,True,21,2.306816407673196
1h_exclude1_shift1,plus_composition,96,True,34,2.0542870721510713
1h_exclude1_shift1,volume_baseline,108,True,19,2.680865932497957
1h_exclude1_shift1,plus_composition,108,True,31,2.9844107087162404
1h_exclude1_shift1,volume_baseline,120,True,20,2.7149253373591002
1h_exclude1_shift1,plus_composition,120,True,26,3.061553908608982
1h_exclude1_shift1,volume_baseline,132,True,20,2.743364330783205
1h_exclude1_shift1,plus_composition,132,True,26,3.078390124195934
1h_exclude1_shift2,volume_baseline,48,True,23,2.2826121341847583
1h_exclude1_shift2,plus_composition,48,True,41,2.4200999512844605
1h_exclude1_shift2,volume_baseline,60,True,19,1.9947077122847878
1h_exclude1_shift2,plus_composition,60,True,30,1.609250978441238
1h_exclude1_shift2,volume_baseline,72,True,19,1.8063820194912232
1h_exclude1_shift2,plus_composition,72,True,26,1.5651845352299976
1h_exclude1_shift2,volume_baseline,84,True,21,2.3653282292201543
1h_exclude1_shift2,plus_composition,84,True,33,2.1317744020996017
1h_exclude1_shift2,volume_baseline,96,True,18,2.325032070472618
1h_exclude1_shift2,plus_composition,96,True,34,1.7538424060502686
1h_exclude1_shift2,volume_baseline,108,True,19,2.6923518983636145
1h_exclude1_shift2,plus_composition,108,True,30,3.200653900228039
1h_exclude1_shift2,volume_baseline,120,True,20,2.7675995308051893
1h_exclude1_shift2,plus_composition,120,True,31,3.2661258807127957
1h_exclude1_shift2,volume_baseline,132,True,19,2.8310656998061
1h_exclude1_shift2,plus_composition,132,True,30,3.2752465694393083
2h_exclude0_shift-2,volume_baseline,48,True,19,1.9698449587281874
2h_exclude0_shift-2,plus_composition,48,True,31,1.939440652680964
2h_exclude0_shift-2,volume_baseline,60,True,17,2.306300459026717
2h_exclude0_shift-2,plus_composition,60,True,29,2.0251686128711266
2h_exclude0_shift-2,volume_baseline,72,True,17,1.7800029169813227
2h_exclude0_shift-2,plus_composition,72,True,26,1.4439105766955886
2h_exclude0_shift-2,volume_baseline,84,True,20,0.9835204381034819
2h_exclude0_shift-2,plus_composition,84,True,29,1.3354378891600256
2h_exclude0_shift-2,volume_baseline,96,True,19,1.35755979159871
2h_exclude0_shift-2,plus_composition,96,True,28,1.1976712041106836
2h_exclude0_shift-2,volume_baseline,108,True,18,1.1900693772734499
2h_exclude0_shift-2,plus_composition,108,True,24,1.2204864315336963
2h_exclude0_shift-2,volume_baseline,120,True,17,1.1101178800725455
2h_exclude0_shift-2,plus_composition,120,True,22,1.1307281966377845
2h_exclude0_shift-2,volume_baseline,132,True,18,1.2191291472891268
2h_exclude0_shift-2,plus_composition,132,True,22,1.289712009400363
2h_exclude0_shift-1,volume_baseline,48,True,20,2.3472765767507013
2h_exclude0_shift-1,plus_composition,48,True,36,2.2260932995760245
2h_exclude0_shift-1,volume_baseline,60,True,17,2.2001850449956537
2h_exclude0_shift-1,plus_composition,60,True,25,2.2718990871641935
2h_exclude0_shift-1,volume_baseline,72,True,18,1.8107656261369907
2h_exclude0_shift-1,plus_composition,72,True,23,1.5451892580539761
2h_exclude0_shift-1,volume_baseline,84,True,20,0.9833194606285581
2h_exclude0_shift-1,plus_composition,84,True,32,1.4528768446384672
2h_exclude0_shift-1,volume_baseline,96,True,19,1.2680196781219295
2h_exclude0_shift-1,plus_composition,96,True,28,1.3405433694043214
2h_exclude0_shift-1,volume_baseline,108,True,18,1.544426949553266
2h_exclude0_shift-1,plus_composition,108,True,24,1.7969490543318556
2h_exclude0_shift-1,volume_baseline,120,True,18,1.5747175252932086
2h_exclude0_shift-1,plus_composition,120,True,22,1.8201165856294435
2h_exclude0_shift-1,volume_baseline,132,True,18,1.7107035692461092
2h_exclude0_shift-1,plus_composition,132,True,23,1.953442446518057
2h_exclude0_shift0,volume_baseline,48,True,26,2.255776609086051
2h_exclude0_shift0,plus_composition,48,True,39,2.112155579853862
2h_exclude0_shift0,volume_baseline,60,True,20,2.2947351157713087
2h_exclude0_shift0,plus_composition,60,True,27,2.5725857543107806
2h_exclude0_shift0,volume_baseline,72,True,20,2.4025033808190885
2h_exclude0_shift0,plus_composition,72,True,25,2.4596545917126504
2h_exclude0_shift0,volume_baseline,84,True,21,1.7603865900240476
2h_exclude0_shift0,plus_composition,84,True,34,1.0799461703470778
2h_exclude0_shift0,volume_baseline,96,True,20,1.4460553769718567
2h_exclude0_shift0,plus_composition,96,True,29,1.2523478735402682
2h_exclude0_shift0,volume_baseline,108,True,21,2.530348184299791
2h_exclude0_shift0,plus_composition,108,True,29,2.9684163501417955
2h_exclude0_shift0,volume_baseline,120,True,19,2.513239327084802
2h_exclude0_shift0,plus_composition,120,True,22,2.9096015723272606
2h_exclude0_shift0,volume_baseline,132,True,20,2.6172849976618937
2h_exclude0_shift0,plus_composition,132,True,23,2.946907001343476
2h_exclude0_shift1,volume_baseline,48,True,24,2.193622622190378
2h_exclude0_shift1,plus_composition,48,True,38,1.694846116772265
2h_exclude0_shift1,volume_baseline,60,True,20,2.4881237581486175
2h_exclude0_shift1,plus_composition,60,True,24,2.998185154423362
2h_exclude0_shift1,volume_baseline,72,True,19,2.6178306832721345
2h_exclude0_shift1,plus_composition,72,True,22,2.9676941544585596
2h_exclude0_shift1,volume_baseline,84,True,21,3.3455834110500446
2h_exclude0_shift1,plus_composition,84,True,39,1.6483557555056465
2h_exclude0_shift1,volume_baseline,96,True,22,2.947171525232578
2h_exclude0_shift1,plus_composition,96,True,31,2.8068881305089874
2h_exclude0_shift1,volume_baseline,108,True,20,4.140617762052827
2h_exclude0_shift1,plus_composition,108,True,26,4.16884915633131
2h_exclude0_shift1,volume_baseline,120,True,19,4.102654880164017
2h_exclude0_shift1,plus_composition,120,True,33,4.128768253876057
2h_exclude0_shift1,volume_baseline,132,True,21,4.114486850594538
2h_exclude0_shift1,plus_composition,132,True,28,4.152491981855491
2h_exclude0_shift2,volume_baseline,48,True,25,2.1255880909345772
2h_exclude0_shift2,plus_composition,48,True,36,2.1045894340299753
2h_exclude0_shift2,volume_baseline,60,True,20,2.603401919337883
2h_exclude0_shift2,plus_composition,60,True,34,2.1605087173703366
2h_exclude0_shift2,volume_baseline,72,True,20,2.6760567945803766
2h_exclude0_shift2,plus_composition,72,True,33,2.182112967958764
2h_exclude0_shift2,volume_baseline,84,True,19,3.6441713986270914
2h_exclude0_shift2,plus_composition,84,True,42,2.729323737434588
2h_exclude0_shift2,volume_baseline,96,True,21,3.3167607071635254
2h_exclude0_shift2,plus_composition,96,True,38,2.7664259736181767
2h_exclude0_shift2,volume_baseline,108,True,19,4.345221649504932
2h_exclude0_shift2,plus_composition,108,True,28,5.019445550129124
2h_exclude0_shift2,volume_baseline,120,True,18,4.314033224616731
2h_exclude0_shift2,plus_composition,120,True,29,4.980326031373237
2h_exclude0_shift2,volume_baseline,132,True,18,4.324528623224172
2h_exclude0_shift2,plus_composition,132,True,32,4.93294147561477
2h_exclude1_shift-2,volume_baseline,48,True,20,1.957402691813123
2h_exclude1_shift-2,plus_composition,48,True,31,1.9178860058978038
2h_exclude1_shift-2,volume_baseline,60,True,17,2.289135290149901
2h_exclude1_shift-2,plus_composition,60,True,27,2.0343496185848418
2h_exclude1_shift-2,volume_baseline,72,True,16,1.7676864954762346
2h_exclude1_shift-2,plus_composition,72,True,23,1.4730900059304488
2h_exclude1_shift-2,volume_baseline,84,True,20,0.9913072282672131
2h_exclude1_shift-2,plus_composition,84,True,31,1.3494709497701505
2h_exclude1_shift-2,volume_baseline,96,True,19,1.3607717265345673
2h_exclude1_shift-2,plus_composition,96,True,27,1.2025048937373375
2h_exclude1_shift-2,volume_baseline,108,True,18,1.1953629674583892
2h_exclude1_shift-2,plus_composition,108,True,24,1.1863746090304375
2h_exclude1_shift-2,volume_baseline,120,True,17,1.0529519929105
2h_exclude1_shift-2,plus_composition,120,True,23,1.047610278675412
2h_exclude1_shift-2,volume_baseline,132,True,19,1.158783941303488
2h_exclude1_shift-2,plus_composition,132,True,24,1.2000917029192375
2h_exclude1_shift-1,volume_baseline,48,True,19,2.3479292878152256
2h_exclude1_shift-1,plus_composition,48,True,33,2.233750636974038
2h_exclude1_shift-1,volume_baseline,60,True,17,2.1795707392914516
2h_exclude1_shift-1,plus_composition,60,True,24,2.277182954190171
2h_exclude1_shift-1,volume_baseline,72,True,17,1.796292966498335
2h_exclude1_shift-1,plus_composition,72,True,23,1.5783750740930933
2h_exclude1_shift-1,volume_baseline,84,True,21,0.9715750928850125
2h_exclude1_shift-1,plus_composition,84,True,31,1.4700137411559897
2h_exclude1_shift-1,volume_baseline,96,True,18,1.2652408214187016
2h_exclude1_shift-1,plus_composition,96,True,32,1.327294123268468
2h_exclude1_shift-1,volume_baseline,108,True,18,1.472111234810886
2h_exclude1_shift-1,plus_composition,108,True,26,1.642263860822256
2h_exclude1_shift-1,volume_baseline,120,True,18,1.5069065023877972
2h_exclude1_shift-1,plus_composition,120,True,23,1.674927671667422
2h_exclude1_shift-1,volume_baseline,132,True,19,1.642544443609381
2h_exclude1_shift-1,plus_composition,132,True,20,1.8171112244399927
2h_exclude1_shift0,volume_baseline,48,True,24,2.270520451758445
2h_exclude1_shift0,plus_composition,48,True,37,2.133702937470628
2h_exclude1_shift0,volume_baseline,60,True,20,2.2657498948600567
2h_exclude1_shift0,plus_composition,60,True,28,2.5365758745836584
2h_exclude1_shift0,volume_baseline,72,True,18,2.3675001404101264
2h_exclude1_shift0,plus_composition,72,True,24,2.439534909316633
2h_exclude1_shift0,volume_baseline,84,True,19,1.8055791904042762
2h_exclude1_shift0,plus_composition,84,True,33,1.0794432902886557
2h_exclude1_shift0,volume_baseline,96,True,21,1.5131231720026943
2h_exclude1_shift0,plus_composition,96,True,30,1.3245717054504733
2h_exclude1_shift0,volume_baseline,108,True,20,2.563083966984482
2h_exclude1_shift0,plus_composition,108,True,25,2.9469596264141122
2h_exclude1_shift0,volume_baseline,120,True,20,2.5474107931221455
2h_exclude1_shift0,plus_composition,120,True,26,2.8971290371988894
2h_exclude1_shift0,volume_baseline,132,True,20,2.655132416522864
2h_exclude1_shift0,plus_composition,132,True,26,2.958612909555997
2h_exclude1_shift1,volume_baseline,48,True,23,2.2193266522859547
2h_exclude1_shift1,plus_composition,48,True,34,1.721681682685862
2h_exclude1_shift1,volume_baseline,60,True,20,2.451071108796679
2h_exclude1_shift1,plus_composition,60,True,27,2.984192765304595
2h_exclude1_shift1,volume_baseline,72,True,21,2.576000972720913
2h_exclude1_shift1,plus_composition,72,True,25,2.9496907850650236
2h_exclude1_shift1,volume_baseline,84,True,22,3.533541439518622
2h_exclude1_shift1,plus_composition,84,True,37,1.7523076154909198
2h_exclude1_shift1,volume_baseline,96,True,21,3.190469273304024
2h_exclude1_shift1,plus_composition,96,True,28,3.086541495360054
2h_exclude1_shift1,volume_baseline,108,True,20,4.34598801869809
2h_exclude1_shift1,plus_composition,108,True,25,4.301466297188467
2h_exclude1_shift1,volume_baseline,120,True,19,4.300914008028605
2h_exclude1_shift1,plus_composition,120,True,29,4.25339951380321
2h_exclude1_shift1,volume_baseline,132,True,21,4.306973767368411
2h_exclude1_shift1,plus_composition,132,True,26,4.285661307325656
2h_exclude1_shift2,volume_baseline,48,True,23,2.15366316975505
2h_exclude1_shift2,plus_composition,48,True,37,2.140055583287412
2h_exclude1_shift2,volume_baseline,60,True,20,2.569922914398942
2h_exclude1_shift2,plus_composition,60,True,33,2.057682568886063
2h_exclude1_shift2,volume_baseline,72,True,18,2.642347739187879
2h_exclude1_shift2,plus_composition,72,True,34,2.132866417947392
2h_exclude1_shift2,volume_baseline,84,True,20,3.879371938259491
2h_exclude1_shift2,plus_composition,84,True,46,2.9767236304168043
2h_exclude1_shift2,volume_baseline,96,True,22,3.5287237758558403
2h_exclude1_shift2,plus_composition,96,True,39,3.022599872185815
2h_exclude1_shift2,volume_baseline,108,True,19,4.549566316021283
2h_exclude1_shift2,plus_composition,108,True,22,5.126460779652339
2h_exclude1_shift2,volume_baseline,120,True,19,4.515626475449491
2h_exclude1_shift2,plus_composition,120,True,27,5.088856150572762
2h_exclude1_shift2,volume_baseline,132,True,19,4.525719427531185
2h_exclude1_shift2,plus_composition,132,True,28,5.0471164320096475
6h_exclude0_shift-2,volume_baseline,48,True,23,1.6252709268936687
6h_exclude0_shift-2,plus_composition,48,True,35,1.5653975161363305
6h_exclude0_shift-2,volume_baseline,60,True,23,3.473535391472329
6h_exclude0_shift-2,plus_composition,60,True,37,2.235107175388552
6h_exclude0_shift-2,volume_baseline,72,True,18,3.3927867831946243
6h_exclude0_shift-2,plus_composition,72,True,33,2.1296561684895843
6h_exclude0_shift-2,volume_baseline,84,True,17,2.6221966085400426
6h_exclude0_shift-2,plus_composition,84,True,33,3.522616309437679
6h_exclude0_shift-2,volume_baseline,96,True,18,2.807833429206119
6h_exclude0_shift-2,plus_composition,96,True,25,2.726880474493298
6h_exclude0_shift-2,volume_baseline,108,True,17,3.012711772658797
6h_exclude0_shift-2,plus_composition,108,True,23,2.8898335791217136
6h_exclude0_shift-2,volume_baseline,120,True,16,2.784730239869961
6h_exclude0_shift-2,plus_composition,120,True,20,2.66976121385015
6h_exclude0_shift-2,volume_baseline,132,True,14,2.617187742543929
6h_exclude0_shift-2,plus_composition,132,True,19,2.556927621561067
6h_exclude0_shift-1,volume_baseline,48,True,27,1.6392114995343958
6h_exclude0_shift-1,plus_composition,48,True,30,1.5501689998557546
6h_exclude0_shift-1,volume_baseline,60,True,23,3.468441451435691
6h_exclude0_shift-1,plus_composition,60,True,33,2.2107116341645643
6h_exclude0_shift-1,volume_baseline,72,True,19,3.412546230586463
6h_exclude0_shift-1,plus_composition,72,True,26,2.093572322818843
6h_exclude0_shift-1,volume_baseline,84,True,18,2.4356111361857047
6h_exclude0_shift-1,plus_composition,84,True,36,2.7949721511524515
6h_exclude0_shift-1,volume_baseline,96,True,22,2.6348448440206247
6h_exclude0_shift-1,plus_composition,96,True,25,2.511008695280884
6h_exclude0_shift-1,volume_baseline,108,True,16,2.520138538649147
6h_exclude0_shift-1,plus_composition,108,True,22,2.69521699861963
6h_exclude0_shift-1,volume_baseline,120,True,15,2.2281789930641924
6h_exclude0_shift-1,plus_composition,120,True,22,2.4232691075040176
6h_exclude0_shift-1,volume_baseline,132,True,15,2.038608987092795
6h_exclude0_shift-1,plus_composition,132,True,21,2.1531917479535876
6h_exclude0_shift0,volume_baseline,48,True,27,1.5574241781286742
6h_exclude0_shift0,plus_composition,48,True,31,1.4878195484305634
6h_exclude0_shift0,volume_baseline,60,True,23,3.2762793309677227
6h_exclude0_shift0,plus_composition,60,True,35,2.128399590142592
6h_exclude0_shift0,volume_baseline,72,True,17,3.201217918842795
6h_exclude0_shift0,plus_composition,72,True,34,1.9319411083220734
6h_exclude0_shift0,volume_baseline,84,True,21,1.8789870832851991
6h_exclude0_shift0,plus_composition,84,True,37,2.2810712863573963
6h_exclude0_shift0,volume_baseline,96,True,18,2.3673098379053634
6h_exclude0_shift0,plus_composition,96,True,30,2.048962137319066
6h_exclude0_shift0,volume_baseline,108,True,22,2.061538182654908
6h_exclude0_shift0,plus_composition,108,True,26,2.285718756923498
6h_exclude0_shift0,volume_baseline,120,True,17,1.7924303402242239
6h_exclude0_shift0,plus_composition,120,True,25,2.058416256447619
6h_exclude0_shift0,volume_baseline,132,True,20,1.686972501019495
6h_exclude0_shift0,plus_composition,132,True,26,1.58208116437565
6h_exclude0_shift1,volume_baseline,48,True,25,1.4394522051605738
6h_exclude0_shift1,plus_composition,48,True,28,1.3928960334556342
6h_exclude0_shift1,volume_baseline,60,True,25,3.0660468704924337
6h_exclude0_shift1,plus_composition,60,True,42,2.0092949184484827
6h_exclude0_shift1,volume_baseline,72,True,19,2.943726642459352
6h_exclude0_shift1,plus_composition,72,True,28,1.8471699725018755
6h_exclude0_shift1,volume_baseline,84,True,20,1.6797243223744405
6h_exclude0_shift1,plus_composition,84,True,35,2.0659530874531056
6h_exclude0_shift1,volume_baseline,96,True,19,2.3672416309413045
6h_exclude0_shift1,plus_composition,96,True,39,1.860814664706429
6h_exclude0_shift1,volume_baseline,108,True,22,3.6106071250982543
6h_exclude0_shift1,plus_composition,108,True,26,3.097194734275971
6h_exclude0_shift1,volume_baseline,120,True,19,3.910456604574773
6h_exclude0_shift1,plus_composition,120,True,26,3.0771997918433254
6h_exclude0_shift1,volume_baseline,132,True,20,4.107105114633867
6h_exclude0_shift1,plus_composition,132,True,24,4.373909044757777
6h_exclude0_shift2,volume_baseline,48,True,20,1.284495801411225
6h_exclude0_shift2,plus_composition,48,True,27,1.2479835249512188
6h_exclude0_shift2,volume_baseline,60,True,24,2.736038764598218
6h_exclude0_shift2,plus_composition,60,True,33,1.746071185601683
6h_exclude0_shift2,volume_baseline,72,True,19,2.5851346384991065
6h_exclude0_shift2,plus_composition,72,True,27,1.675598910438631
6h_exclude0_shift2,volume_baseline,84,True,20,2.05765756496988
6h_exclude0_shift2,plus_composition,84,True,36,1.7569528186013812
6h_exclude0_shift2,volume_baseline,96,True,20,2.3257044043182944
6h_exclude0_shift2,plus_composition,96,True,35,1.7235591966143193
6h_exclude0_shift2,volume_baseline,108,True,18,4.030915662036675
6h_exclude0_shift2,plus_composition,108,True,29,3.9887336435547045
6h_exclude0_shift2,volume_baseline,120,True,20,4.659053954615295
6h_exclude0_shift2,plus_composition,120,True,24,4.324793169999273
6h_exclude0_shift2,volume_baseline,132,True,17,4.792027036433951
6h_exclude0_shift2,plus_composition,132,True,23,5.444929581971643
6h_exclude1_shift-2,volume_baseline,48,True,24,1.627045406620195
6h_exclude1_shift-2,plus_composition,48,True,38,1.5701171928595026
6h_exclude1_shift-2,volume_baseline,60,True,25,3.4485674652433516
6h_exclude1_shift-2,plus_composition,60,True,36,2.263675246164741
6h_exclude1_shift-2,volume_baseline,72,True,18,3.363538831029291
6h_exclude1_shift-2,plus_composition,72,True,33,2.168254208116067
6h_exclude1_shift-2,volume_baseline,84,True,17,2.618956482720993
6h_exclude1_shift-2,plus_composition,84,True,39,3.5262134528920237
6h_exclude1_shift-2,volume_baseline,96,True,18,2.807259927526247
6h_exclude1_shift-2,plus_composition,96,True,25,2.7174992491763157
6h_exclude1_shift-2,volume_baseline,108,True,17,3.0234580798812516
6h_exclude1_shift-2,plus_composition,108,True,19,2.8885389478942
6h_exclude1_shift-2,volume_baseline,120,True,16,2.7950660344575744
6h_exclude1_shift-2,plus_composition,120,True,21,2.674142499445077
6h_exclude1_shift-2,volume_baseline,132,True,14,2.627677576694734
6h_exclude1_shift-2,plus_composition,132,True,20,2.566139145329125
6h_exclude1_shift-1,volume_baseline,48,True,26,1.6412146201904947
6h_exclude1_shift-1,plus_composition,48,True,29,1.5552203463710779
6h_exclude1_shift-1,volume_baseline,60,True,22,3.4428727325190027
6h_exclude1_shift-1,plus_composition,60,True,39,2.2403901839011824
6h_exclude1_shift-1,volume_baseline,72,True,19,3.3836854543644654
6h_exclude1_shift-1,plus_composition,72,True,25,2.1313406557338115
6h_exclude1_shift-1,volume_baseline,84,True,18,2.4317728408723416
6h_exclude1_shift-1,plus_composition,84,True,35,2.796777075315375
6h_exclude1_shift-1,volume_baseline,96,True,22,2.632240261600011
6h_exclude1_shift-1,plus_composition,96,True,28,2.5043412867902526
6h_exclude1_shift-1,volume_baseline,108,True,16,2.5333984430615346
6h_exclude1_shift-1,plus_composition,108,True,23,2.6947956293373965
6h_exclude1_shift-1,volume_baseline,120,True,15,2.2400809892154436
6h_exclude1_shift-1,plus_composition,120,True,24,2.4300253426515748
6h_exclude1_shift-1,volume_baseline,132,True,15,2.049854469216241
6h_exclude1_shift-1,plus_composition,132,True,22,2.1552028810680706
6h_exclude1_shift0,volume_baseline,48,True,27,1.5588962662754138
6h_exclude1_shift0,plus_composition,48,True,32,1.4919011618164921
6h_exclude1_shift0,volume_baseline,60,True,23,3.253078066230566
6h_exclude1_shift0,plus_composition,60,True,41,2.160874465040802
6h_exclude1_shift0,volume_baseline,72,True,17,3.1759451793488145
6h_exclude1_shift0,plus_composition,72,True,28,1.9711245286544272
6h_exclude1_shift0,volume_baseline,84,True,21,1.8733806395271582
6h_exclude1_shift0,plus_composition,84,True,37,2.302947794257143
6h_exclude1_shift0,volume_baseline,96,True,17,2.361419757377689
6h_exclude1_shift0,plus_composition,96,True,27,2.042211174196467
6h_exclude1_shift0,volume_baseline,108,True,23,2.1445788783654054
6h_exclude1_shift0,plus_composition,108,True,26,2.2930170112162434
6h_exclude1_shift0,volume_baseline,120,True,17,1.866458389415989
6h_exclude1_shift0,plus_composition,120,True,28,2.0691571513780493
6h_exclude1_shift0,volume_baseline,132,True,20,1.6418590540739086
6h_exclude1_shift0,plus_composition,132,True,24,1.5864317953801075
6h_exclude1_shift1,volume_baseline,48,True,24,1.4405052346948217
6h_exclude1_shift1,plus_composition,48,True,29,1.3952541425588656
6h_exclude1_shift1,volume_baseline,60,True,23,3.0464345619671964
6h_exclude1_shift1,plus_composition,60,True,39,2.043170707794415
6h_exclude1_shift1,volume_baseline,72,True,19,2.9217571556641637
6h_exclude1_shift1,plus_composition,72,True,34,1.8899025622385386
6h_exclude1_shift1,volume_baseline,84,True,21,1.6800091332845744
6h_exclude1_shift1,plus_composition,84,True,37,2.07500975578752
6h_exclude1_shift1,volume_baseline,96,True,20,2.3553600794364296
6h_exclude1_shift1,plus_composition,96,True,29,1.8479584576843282
6h_exclude1_shift1,volume_baseline,108,True,21,3.3962047547373926
6h_exclude1_shift1,plus_composition,108,True,30,2.908225772252073
6h_exclude1_shift1,volume_baseline,120,True,19,3.7181051224375743
6h_exclude1_shift1,plus_composition,120,True,29,2.876085428423123
6h_exclude1_shift1,volume_baseline,132,True,18,3.960164821485971
6h_exclude1_shift1,plus_composition,132,True,24,4.234511583589362
6h_exclude1_shift2,volume_baseline,48,True,20,1.2849307748727208
6h_exclude1_shift2,plus_composition,48,True,27,1.2482169626376907
6h_exclude1_shift2,volume_baseline,60,True,27,2.719295619824722
6h_exclude1_shift2,plus_composition,60,True,36,1.7680302223150406
6h_exclude1_shift2,volume_baseline,72,True,19,2.563425700440222
6h_exclude1_shift2,plus_composition,72,True,33,1.711459083823791
6h_exclude1_shift2,volume_baseline,84,True,20,2.0560646209006084
6h_exclude1_shift2,plus_composition,84,True,44,1.7573196184579958
6h_exclude1_shift2,volume_baseline,96,True,20,2.3072359539739162
6h_exclude1_shift2,plus_composition,96,True,36,1.728457473231269
6h_exclude1_shift2,volume_baseline,108,True,17,3.923677290417051
6h_exclude1_shift2,plus_composition,108,True,27,3.817186268112706
6h_exclude1_shift2,volume_baseline,120,True,21,4.625088180203181
6h_exclude1_shift2,plus_composition,120,True,23,4.171792627017198
6h_exclude1_shift2,volume_baseline,132,True,18,4.793269857749773
6h_exclude1_shift2,plus_composition,132,True,25,5.404234823388718
